{"count":1,"self":7278.5657856,"total":13455.0153173,"children":{"InitializeActuators":{"count":1,"self":0.0019941,"total":0.0019941,"children":null},"InitializeSensors":{"count":1,"self":0.0029944999999999998,"total":0.0029944999999999998,"children":null},"AgentSendState":{"count":5000651,"self":79.2211136,"total":104.9904067,"children":{"CollectObservations":{"count":1000131,"self":1.9204923999999999,"total":1.9204922999999998,"children":null},"WriteActionMask":{"count":1000131,"self":0.68298989999999993,"total":0.68298989999999993,"children":null},"RequestDecision":{"count":1000131,"self":3.7754263999999997,"total":23.1658087,"children":{"AgentInfo.ToProto":{"count":1000131,"self":4.0535112,"total":19.390382199999998,"children":{"GenerateSensorData":{"count":1000131,"self":13.299448,"total":15.3368709,"children":{"RayPerceptionSensor.Perceive":{"count":1000131,"self":2.0374225999999998,"total":2.0374225999999998,"children":null}}}}}}}}},"DecideAction":{"count":5000651,"self":5932.7082495999994,"total":5932.7083914999994,"children":null},"AgentAct":{"count":5000651,"self":138.7356672,"total":138.7446117,"children":{"AgentInfo.ToProto":{"count":500,"self":0,"total":0.0089474999999999989,"children":{"GenerateSensorData":{"count":500,"self":0.0079496999999999988,"total":0.0089474999999999989,"children":{"RayPerceptionSensor.Perceive":{"count":500,"self":0.00099779999999999986,"total":0.00099779999999999986,"children":null}}}}}}}},"gauges":{"TestingBehavior.CumulativeReward":{"count":500,"max":5,"min":0,"runningAverage":0.4551998,"value":0,"weightedAverage":0.0660607442}},"metadata":{"timer_format_version":"0.1.0","start_time_seconds":"1703012679","unity_version":"2021.3.14f1","command_line_arguments":"C:\\Program Files\\Unity\\Hub\\Editor\\2021.3.14f1\\Editor\\Unity.exe -projectpath C:\\Users\\micapic\\UnityProjects\\RATM -useHub -hubIPC -cloudEnvironment production -licensingIpc LicenseClient-Михаэль Павлов -hubSessionId 4dfcb7a0-9cb7-11ee-b1af-098f4908118f -accessToken HU3iCK2-fEPvmb0ojqKaDtS-ix3O8f45l2a2imfk64Q001f","communication_protocol_version":"1.5.0","com.unity.ml-agents_version":"2.0.1","scene_name":"Mountain City Driveway_AI","end_time_seconds":"1703026134"}}